{"type": "metrics", "dataset": "train", "precision": 0.7025742574257425, "balanced_accuracy": 0.6645858487453262, "recall": 0.3754497354497354, "f1_score": 0.48937931034482757}
{"type": "metrics", "dataset": "test", "precision": 0.6742909423604757, "balanced_accuracy": 0.6681707063602494, "recall": 0.38667366211962223, "f1_score": 0.4914971657219073}
